,专辑,发行公司,发行时间,子分类,总分类,歌手,歌曲,歌词文件下载链接,页数
1,《喜羊羊与灰太狼 之 虎虎生威 电影原声大碟》,福茂唱片,2009-12-10,动漫,影视节目,平底锅的威力,喜羊羊与灰太狼,http://musicdata.baidu.com/data2/lrc/20dba48ebb241772cd3f76179306ffb5/727708/727708.lrc,1
1,《喜羊羊与灰太狼 之 虎虎生威 电影原声大碟》,福茂唱片,2009-12-10,动漫,影视节目,茫茫沙漠,喜羊羊与灰太狼,http://musicdata.baidu.com/data2/lrc/20dba48ebb241772cd3f76179306ffb5/727702/727702.lrc,1
1,《喜羊羊与灰太狼 之 虎虎生威 电影原声大碟》,福茂唱片,2009-12-10,动漫,影视节目,夜行,喜羊羊与灰太狼,http://musicdata.baidu.com/data2/lrc/20dba48ebb241772cd3f76179306ffb5/727691/727691.lrc,1
1,《喜羊羊与灰太狼 之 虎虎生威 电影原声大碟》,福茂唱片,2009-12-10,动漫,影视节目,游乐场,喜羊羊与灰太狼,http://musicdata.baidu.com/data2/lrc/20dba48ebb241772cd3f76179306ffb5/727680/727680.lrc,1
1,《喜羊羊与灰太狼 之 虎虎生威 电影原声大碟》,福茂唱片,2009-12-10,动漫,影视节目,虎威太岁,喜羊羊与灰太狼,http://musicdata.baidu.com/data2/lrc/20dba48ebb241772cd3f76179306ffb5/727675/727675.lrc,1
1,《喜羊羊与灰太狼 之 虎虎生威 电影原声大碟》,福茂唱片,2009-12-10,动漫,影视节目,不速之客,喜羊羊与灰太狼,http://musicdata.baidu.com/data2/lrc/20dba48ebb241772cd3f76179306ffb5/727665/727665.lrc,1
1,《喜羊羊与灰太狼 之 虎虎生威 电影原声大碟》,福茂唱片,2009-12-10,动漫,影视节目,狼族誓师,喜羊羊与灰太狼,http://musicdata.baidu.com/data2/lrc/20dba48ebb241772cd3f76179306ffb5/727653/727653.lrc,1
1,《喜羊羊与灰太狼 之 虎虎生威 电影原声大碟》,福茂唱片,2009-12-10,动漫,影视节目,别看我只是一只羊,杨沛宜,http://musicdata.baidu.com/data2/lrc/28748117/28748117.lrc,1
1,《喜羊羊与灰太狼 之 虎虎生威 电影原声大碟》,福茂唱片,2009-12-10,动漫,影视节目,我爱灰太狼,邓丽欣,http://musicdata.baidu.com/data2/lrc/13984672/13984672.lrc,1
1,《喜羊羊与灰太狼 之 虎虎生威 电影原声大碟》,福茂唱片,2009-12-10,动漫,影视节目,梦见果冻,李巍,http://musicdata.baidu.com/data2/lrc/12453767/12453767.lrc,1
1,《喜羊羊与灰太狼 之 虎虎生威 电影原声大碟》,福茂唱片,2009-12-10,动漫,影视节目,左手右手,杨沛宜,http://musicdata.baidu.com/data2/lrc/240465821/240465821.lrc,1
1,《喜羊羊与灰太狼 之 虎虎生威 电影原声大碟》,福茂唱片,2009-12-10,动漫,影视节目,我爱平底锅,郑中基,http://musicdata.baidu.com/data2/lrc/13897700/13897700.lrc,1
1,《喜羊羊与灰太狼 之 虎虎生威 电影原声大碟》,福茂唱片,2009-12-10,动漫,影视节目,大家一起喜羊羊（粤语版）,周笔畅,http://musicdata.baidu.com/data2/lrc/12722760/12722760.lrc,1
1,《歌唱祖国》,福茂唱片,2009-09-19,动漫,影视节目,别看我只是一只羊,杨沛宜,http://musicdata.baidu.com/data2/lrc/246650840/246650840.lrc,1
1,《喜羊羊与灰太狼 之 虎虎生威 电影原声大碟》,福茂唱片,2009-12-10,动漫,影视节目,我只是一只羊,"罗颂恩,谭嘉荃",http://musicdata.baidu.com/data2/lrc/48872182/48872182.lrc,1
1,《喜羊羊与灰太狼 之 虎虎生威 电影原声大碟》,福茂唱片,2009-12-10,动漫,影视节目,大家一起喜羊羊（国语版）,周笔畅,http://musicdata.baidu.com/data2/lrc/23153696/23153696.lrc,1
1,《Red Moon》,S.M.Entertainment,2010-03-17,动漫,影视节目,Lacrimosa,Kalafina,http://musicdata.baidu.com/data2/lrc/64933879/64933879.lrc,1
1,《Lacrimosa》,S.M.Entertainment,2009-03-04,动漫,影视节目,Lacrimosa,Kalafina,http://musicdata.baidu.com/data2/lrc/20659589/20659589.lrc,1
1,《Akeboshi》,S.M.Entertainment,2005-06-22,动漫,影视节目,Wind,Akeboshi,http://musicdata.baidu.com/data2/lrc/64999427/64999427.lrc,1
1,《guitarissimo》,SMR,2011-04-06,动漫,影视节目,chAngE,miwa,http://musicdata.baidu.com/data2/lrc/64982100/64982100.lrc,1
2,《The Simpsons Sing The Blues》,环球唱片,1991-04-26,动漫,影视节目,Springfield Soul Stew,The Simpsons,http://musicdata.baidu.com/data2/lrc/64982100/64982100.lrc,2
2,《The Simpsons Sing The Blues》,环球唱片,1991-04-26,动漫,影视节目,Do The Bartman,The Simpsons,http://musicdata.baidu.com/data2/lrc/12552714/12552714.lrc,2
2,《Akeboshi》,环球唱片,2005-06-22,动漫,影视节目,no wish,Akeboshi,http://musicdata.baidu.com/data2/lrc/14566413/14566413.lrc,2
2,《Spongebob'S Greatest Hits》,SONY MUSIC,2009-07-13,动漫,影视节目,Campfire Song Song,Spongebob Squarepants,http://musicdata.baidu.com/data2/lrc/14566413/14566413.lrc,2
2,《Platinum & Gold Collection》,SONY MUSIC,2003-09-07,动漫,影视节目,The Pink Panther Theme,Henry Mancini,http://musicdata.baidu.com/data2/lrc/14566413/14566413.lrc,2
2,《Moon River: The Henry Mancini Collection》,SONY MUSIC,2009-05-04,动漫,影视节目,The Pink Panther Theme,Henry Mancini,http://musicdata.baidu.com/data2/lrc/14566413/14566413.lrc,2
2,《Greatest Hits - The Best Of Henry Mancini》,SONY MUSIC,2000-09-24,动漫,影视节目,The Pink Panther Theme,Henry Mancini,http://musicdata.baidu.com/data2/lrc/1bad855b0dae307dd5cc206eb95ab532/288822812/288822812.lrc,2
2,《Alvin & The Chipmunks / Ost》,环球唱片,2008-05-08,动漫,影视节目,The Chipmunk Song,The Chipmunks,http://musicdata.baidu.com/data2/lrc/12561793/12561793.lrc,2
2,《Spongebob Squarepants - The Yellow Album》,SONY MUSIC,2009-04-06,动漫,影视节目,Campfire Song Song,Spongebob Squarepants,http://musicdata.baidu.com/data2/lrc/119562638/119562638.lrc,2
2,《After Eden》,ソニーミュージック,2011-09-21,动漫,影视节目,Magia,Kalafina,http://musicdata.baidu.com/data2/lrc/64987175/64987175.lrc,2
2,《You Could Have It So Much Better因为你值得》,索尼音乐,2005-10-03,动漫,影视节目,Do You Want To,Franz Ferdinand,http://musicdata.baidu.com/data2/lrc/1271043/1271043.lrc,2
2,《Alvin & The Chipmunks /  Ost》,环球唱片,2008-04-29,动漫,影视节目,The Chipmunk Song,The Chipmunks,http://musicdata.baidu.com/data2/lrc/12622534/12622534.lrc,2
2,《The Chipmunk Song (Christmas Don'T Be Late)》,环球唱片,2007-12-03,动漫,影视节目,The Chipmunk Song,The Chipmunks,http://musicdata.baidu.com/data2/lrc/12622313/12622313.lrc,2
2,《Reggatta De Blanc》,环球唱片,2003-06-09,动漫,影视节目,Message In A Bottle,The Police,http://musicdata.baidu.com/data2/lrc/8592741/8592741.lrc,2
2,《Original Hits - Drivetime》,EMI,2011-05-13,动漫,影视节目,Don't You (Forget About Me),Simple Minds,http://musicdata.baidu.com/data2/lrc/12558131/12558131.lrc,2
2,《The Simpsons Sing The Blues》,环球唱片,1991-04-26,动漫,影视节目,Sibling Rivalry,The Simpsons,http://musicdata.baidu.com/data2/lrc/114957168/114957168.lrc,2
2,《The Simpsons Sing The Blues》,环球唱片,1991-04-26,动漫,影视节目,Look At All Those Idiots,The Simpsons,http://musicdata.baidu.com/data2/lrc/114957168/114957168.lrc,2
2,《The Simpsons Sing The Blues》,环球唱片,1991-04-26,动漫,影视节目,I Love To See You Smile,The Simpsons,http://musicdata.baidu.com/data2/lrc/114957168/114957168.lrc,2
2,《The Simpsons Sing The Blues》,环球唱片,1991-04-26,动漫,影视节目,God Bless The Child,The Simpsons,http://musicdata.baidu.com/data2/lrc/12552716/12552716.lrc,2
2,《The Simpsons Sing The Blues》,环球唱片,1991-04-26,动漫,影视节目,Moanin' Lisa Blues,The Simpsons,http://musicdata.baidu.com/data2/lrc/12552716/12552716.lrc,2
3,《The Simpsons Sing The Blues》,环球唱片,1991-04-26,动漫,影视节目,Born Under A Bad Sign,The Simpsons,http://musicdata.baidu.com/data2/lrc/12552716/12552716.lrc,3
3,《Massive Hits!: 80s Pop》,EMI,2012-07-06,动漫,影视节目,Don't You (Forget About Me),Simple Minds,http://musicdata.baidu.com/data2/lrc/12552716/12552716.lrc,3
3,《Massive Hits!: Driving Rock》,EMI,2012-07-06,动漫,影视节目,Don't You (Forget About Me),Simple Minds,http://musicdata.baidu.com/data2/lrc/12552716/12552716.lrc,3
3,《The Police》,环球唱片,2008-05-12,动漫,影视节目,Message In A Bottle,The Police,http://musicdata.baidu.com/data2/lrc/1332420/1332420.lrc,3
3,《If》,SONY MUSIC,2010-08-04,动漫,影视节目,if,西野加奈,http://musicdata.baidu.com/data2/lrc/14692450/14692450.lrc,3
3,《谜》,环球唱片,2006-10-06,动漫,影视节目,谜,许慧欣,http://musicdata.baidu.com/data2/lrc/231950/231950.lrc,3
3,《Beauty And The Beast (Special Edition)》,环球唱片,2006-10-06,动漫,影视节目,Beauty And The Beast,Angela Lansbury,http://musicdata.baidu.com/data2/lrc/12616483/12616483.lrc,3
3,《Disney Princess: The Ultimate Song Collection》,环球唱片,2009-12-09,动漫,影视节目,Just Around The Riverbend,Judy Kuhn,http://musicdata.baidu.com/data2/lrc/12616483/12616483.lrc,3
3,《Dave Brubeck'S Greatest Hits》,SONY MUSIC,1998-01-07,动漫,影视节目,Trolley Song,Dave Brubeck,http://musicdata.baidu.com/data2/lrc/12616483/12616483.lrc,3
3,《Best Of The Stray Cats》,SONY MUSIC,1996-09-11,动漫,影视节目,Ubangi Stomp,Stray Cats,http://musicdata.baidu.com/data2/lrc/12616483/12616483.lrc,3
3,《Hits》,SONY MUSIC,1990-07-02,动漫,影视节目,Goody Two Shoes,Adam Ant,http://musicdata.baidu.com/data2/lrc/12616483/12616483.lrc,3
3,《Music From The Motion Picture Wonderland》,SONY MUSIC,2003-09-15,动漫,影视节目,Girls On Film,Duran Duran,http://musicdata.baidu.com/data2/lrc/31504240/31504240.lrc,3
3,《Stray Cats》,SONY MUSIC,1993-05-15,动漫,影视节目,Ubangi Stomp,Stray Cats,http://musicdata.baidu.com/data2/lrc/31504240/31504240.lrc,3
3,《The Best Of Stray Cats》,SONY MUSIC,1997-02-28,动漫,影视节目,Ubangi Stomp,Stray Cats,http://musicdata.baidu.com/data2/lrc/116551354/116551354.lrc,3
3,《Antics In The Forbidden Zone》,SONY MUSIC,1993-07-15,动漫,影视节目,Goody Two Shoes,Adam Ant,http://musicdata.baidu.com/data2/lrc/116551354/116551354.lrc,3
3,《The Very Best》,SONY MUSIC,2000-11-14,动漫,影视节目,Trolley Song,Dave Brubeck,http://musicdata.baidu.com/data2/lrc/116551354/116551354.lrc,3
3,《Columbia Jazz Profile》,SONY MUSIC,2007-08-09,动漫,影视节目,Trolley Song,Dave Brubeck,http://musicdata.baidu.com/data2/lrc/116551354/116551354.lrc,3
3,《The Magic Position》,环球唱片,2007-03-19,动漫,影视节目,Enchanted,Patrick Wolf,http://musicdata.baidu.com/data2/lrc/8592399/8592399.lrc,3
3,《Olympia 73》,环球唱片,2009-04-30,动漫,影视节目,San Francisco,Maxime Le Forestier,http://musicdata.baidu.com/data2/lrc/12585671/12585671.lrc,3
3,《Cinderella And Friends》,环球唱片,2009-04-30,动漫,影视节目,Part Of Your World,Robin Huston,http://musicdata.baidu.com/data2/lrc/12583154/12583154.lrc,3
4,《Cinderella And Friends》,环球唱片,2009-04-30,动漫,影视节目,I Think I'D Be Perfect For You,Joe York,http://musicdata.baidu.com/data2/lrc/12583154/12583154.lrc,4
4,《Shrek》,环球唱片,2001-05-14,动漫,影视节目,I'M A Believer (Reprise),Eddie Murphy,http://musicdata.baidu.com/data2/lrc/12582173/12582173.lrc,4
4,《Best Of/20Th Century - Christmas》,环球唱片,2009-07-14,动漫,影视节目,Silver And Gold,Burl Ives,http://musicdata.baidu.com/data2/lrc/12581875/12581875.lrc,4
4,《The Lilac Time》,环球唱片,2008-04-21,动漫,影视节目,Return To Yesterday,The Lilac Time,http://musicdata.baidu.com/data2/lrc/12581875/12581875.lrc,4
4,《Cool - Legends》,环球唱片,2008-04-21,动漫,影视节目,Girls On Film,Duran Duran,http://musicdata.baidu.com/data2/lrc/31504239/31504239.lrc,4
4,《Gold》,环球唱片,2006-02-02,动漫,影视节目,Mother Popcorn,James Brown,http://musicdata.baidu.com/data2/lrc/31504239/31504239.lrc,4
4,《Sex Machine》,环球唱片,1998-07-06,动漫,影视节目,Mother Popcorn,James Brown,http://musicdata.baidu.com/data2/lrc/118850386/118850386.lrc,4
4,《Quelqu'Un M'A Dit》,环球唱片,2008-04-07,动漫,影视节目,Le Toi Du Moi,Carla Bruni,http://musicdata.baidu.com/data2/lrc/8300995/8300995.lrc,4
4,《Charlie Brown'S Holiday Hits》,环球唱片,2006-09-18,动漫,影视节目,Thanksgiving Theme,Vince Guaraldi Trio,http://musicdata.baidu.com/data2/lrc/8300995/8300995.lrc,4
4,《Compendium - The Fontana Trinity》,环球唱片,2001-07-02,动漫,影视节目,Return To Yesterday,The Lilac Time,http://musicdata.baidu.com/data2/lrc/8300995/8300995.lrc,4
4,《The Magic Position (I-Tunes E-Album)》,环球唱片,2008-04-29,动漫,影视节目,Enchanted,Patrick Wolf,http://musicdata.baidu.com/data2/lrc/8221008/8221008.lrc,4
4,《Casino De Printemps》,环球唱片,2009-06-01,动漫,影视节目,San Francisco,Maxime Le Forestier,http://musicdata.baidu.com/data2/lrc/12561936/12561936.lrc,4
4,《Alvin & The Chipmunks / Ost》,环球唱片,2008-05-08,动漫,影视节目,Bad Day,Alvin and The Chipmunks,http://musicdata.baidu.com/data2/lrc/12561819/12561819.lrc,4
4,《Alvin & The Chipmunks / Ost》,环球唱片,2008-05-08,动漫,影视节目,Coast 2 Coast,Alvin and The Chipmunks,http://musicdata.baidu.com/data2/lrc/12561796/12561796.lrc,4
4,《Alvin & The Chipmunks / Ost》,环球唱片,2008-05-08,动漫,影视节目,The Chipmunk Song (Christmas Don'T Be Late),Alvin and The Chipmunks,http://musicdata.baidu.com/data2/lrc/12561795/12561795.lrc,4
4,《The Phantom Of The Opera (Original Motion Picture Soundtrack) [Expanded Edition]》,SONY MUSIC,2004-12-20,动漫,影视节目,The Music Of The Night,Andrew Lloyd Webber,http://musicdata.baidu.com/data2/lrc/12556049/12556049.lrc,4
4,《Inquisition Symphony》,环球唱片,1998-05-04,动漫,影视节目,Fade To Black,Apocalyptica,http://musicdata.baidu.com/data2/lrc/12551724/12551724.lrc,4
4,《Fairytale》,S.M.Entertainment,2008-12-24,动漫,影视节目,Fairytale,Kalafina,http://musicdata.baidu.com/data2/lrc/239128372/239128372.lrc,4
4,《Pink Panther Lounge》,SONY MUSIC,2006-05-15,动漫,影视节目,A Shot In The Dark,"Henry Mancini,Chris Mancini",http://musicdata.baidu.com/data2/lrc/239128372/239128372.lrc,4
4,《Britney》,Jive,2001-11-05,动漫,影视节目,What It'S Like To Be Me,Britney Spears,http://musicdata.baidu.com/data2/lrc/12544738/12544738.lrc,4
5,《Supertramp - The Very Best Of》,环球唱片,1997-09-15,动漫,影视节目,Give A Little Bit,Supertramp,http://musicdata.baidu.com/data2/lrc/12544683/12544683.lrc,5
5,《The Phantom Of The Opera (Original Motion Picture Soundtrack)》,SONY MUSIC,2004-11-23,动漫,影视节目,The Music Of The Night,Andrew Lloyd Webber,http://musicdata.baidu.com/data2/lrc/12543934/12543934.lrc,5
5,《Lenka》,SONY MUSIC,2008-09-23,动漫,影视节目,Don'T Let Me Fall,Lenka,http://musicdata.baidu.com/data2/lrc/12542578/12542578.lrc,5
5,《95/08 Éxitos》,环球唱片,2013-08-21,动漫,影视节目,Bailamos,Enrique Iglesias,http://musicdata.baidu.com/data2/lrc/7696827/7696827.lrc,5
5,《50 Great Songs》,SONY MUSIC,2009-10-19,动漫,影视节目,Flying Without Wings,Westlife,http://musicdata.baidu.com/data2/lrc/14887964/14887964.lrc,5
5,《Shrek 2》,环球唱片,2006-12-08,动漫,影视节目,Fairy Godmother Song,Jennifer Saunders,http://musicdata.baidu.com/data2/lrc/70434116/70434116.lrc,5
5,《Les 50 Plus Belles Chansons》,环球唱片,2009-04-30,动漫,影视节目,San Francisco,Maxime Le Forestier,http://musicdata.baidu.com/data2/lrc/12518935/12518935.lrc,5
5,《#1'S International Version》,环球唱片,2008-05-13,动漫,影视节目,Mother Popcorn,James Brown,http://musicdata.baidu.com/data2/lrc/12518935/12518935.lrc,5
5,《FantasíA Pop》,环球唱片,2008-05-06,动漫,影视节目,Cada Que...,Belanova,http://musicdata.baidu.com/data2/lrc/12518935/12518935.lrc,5
5,《Retrospectacle - The Supertramp Anthology》,环球唱片,2014-02-27,动漫,影视节目,Give A Little Bit,Supertramp,http://musicdata.baidu.com/data2/lrc/12750441/12750441.lrc,5
5,《Songs In The Key Of Life》,环球唱片,1977-01-01,动漫,影视节目,Ngiculela-Es Una Historia-I Am Singing,Stevie Wonder,http://musicdata.baidu.com/data2/lrc/70417865/70417865.lrc,5
5,《A Boy Named Charlie Brown》,环球唱片,2006-08-21,动漫,影视节目,Pebble Beach,Vince Guaraldi Trio,http://musicdata.baidu.com/data2/lrc/70417865/70417865.lrc,5
5,《Automatic》,环球唱片,2014-10-08,动漫,影视节目,Automatic,Tokio Hotel,http://musicdata.baidu.com/data2/lrc/7584665/7584665.lrc,5
5,《The 50 Greatest Songs》,环球唱片,2009-03-31,动漫,影视节目,Mother Popcorn,James Brown,http://musicdata.baidu.com/data2/lrc/116555243/116555243.lrc,5
5,《Essential - The 90S》,SONY MUSIC,2010-09-13,动漫,影视节目,Flying Without Wings,Westlife,http://musicdata.baidu.com/data2/lrc/7584075/7584075.lrc,5
5,《Lo Esencial De Amor Del Bueno》,SONY MUSIC,2010-02-01,动漫,影视节目,Sera,sin bandera,http://musicdata.baidu.com/data2/lrc/7584075/7584075.lrc,5
5,《War Is The Answer》,环球唱片,2010-03-09,动漫,影视节目,Bad Company,Five Finger Death Punch,http://musicdata.baidu.com/data2/lrc/7584075/7584075.lrc,5
5,《Never Mind The Breeze Blocks》,环球唱片,2010-01-27,动漫,影视节目,Big Fish Little Fish,Bob The Builder,http://musicdata.baidu.com/data2/lrc/7584075/7584075.lrc,5
5,《Humanoid》,环球唱片,2011-08-04,动漫,影视节目,Automatic,Tokio Hotel,http://musicdata.baidu.com/data2/lrc/679257/679257.lrc,5
5,《Edward Scissorhands》,环球唱片,1992-04-27,动漫,影视节目,Farewell....,Shirley Walker,http://musicdata.baidu.com/data2/lrc/20dba48ebb241772cd3f76179306ffb5/5477175/5477175.lrc,5
6,《Red Moon》,S.M.Entertainment,2010-03-17,动漫,影视节目,光の旋律,Kalafina,http://musicdata.baidu.com/data2/lrc/448533/448533.lrc,6
6,《Exodus》,环球唱片,2009-07-14,动漫,影视节目,Opening,Utada,http://musicdata.baidu.com/data2/lrc/12646163/12646163.lrc,6
6,《Exodus》,环球唱片,2009-07-14,动漫,影视节目,Animato,Utada,http://musicdata.baidu.com/data2/lrc/2256687/2256687.lrc,6
6,《Seventh Heaven》,S.M.Entertainment,2009-03-04,动漫,影视节目,Seventh Heaven,Kalafina,http://musicdata.baidu.com/data2/lrc/20705613/20705613.lrc,6
6,《Seventh Heaven》,S.M.Entertainment,2009-03-04,动漫,影视节目,Serenato,Kalafina,http://musicdata.baidu.com/data2/lrc/1801140/1801140.lrc,6
6,《Seventh Heaven》,S.M.Entertainment,2009-03-04,动漫,影视节目,Overture,Kalafina,http://musicdata.baidu.com/qukulrc/qq_lyric/bfc15885d93c267269295eb57dd66ec9.lrc,6
6,《Seventh Heaven》,S.M.Entertainment,2009-03-04,动漫,影视节目,Oblivious,Kalafina,http://musicdata.baidu.com/data2/lrc/1801117/1801117.lrc,6
6,《Seventh Heaven》,S.M.Entertainment,2009-03-04,动漫,影视节目,Love Come Down,Kalafina,http://musicdata.baidu.com/data2/lrc/68234419/68234419.lrc,6
6,《Seventh Heaven》,S.M.Entertainment,2009-03-04,动漫,影视节目,Fairytale,Kalafina,http://musicdata.baidu.com/qukulrc/qq_lyric/937c1ea6c2fd331190342a1e5cd0776a.lrc,6
6,《Seventh Heaven》,S.M.Entertainment,2009-03-04,动漫,影视节目,Aria,Kalafina,http://musicdata.baidu.com/data2/lrc/1801065/1801065.lrc,6
6,《Fairytale》,S.M.Entertainment,2008-12-24,动漫,影视节目,Serenato,Kalafina,http://musicdata.baidu.com/data2/lrc/1696319/1696319.lrc,6
6,《Red Moon》,S.M.Entertainment,2010-03-17,动漫,影视节目,Progressive,Kalafina,http://musicdata.baidu.com/data2/lrc/69723513/69723513.lrc,6
6,《Red Moon》,S.M.Entertainment,2010-03-17,动漫,影视节目,Storia,Kalafina,http://musicdata.baidu.com/data2/lrc/1681011/1681011.lrc,6
6,《AwakEVE》,Sony Records,2009-02-18,动漫,影视节目,儚くも永久のカナシ,UVERworld,http://musicdata.baidu.com/data2/lrc/1525935/1525935.lrc,6
6,《The Best Of Sum 41》,环球唱片,2008-11-05,动漫,影视节目,The Hell Song,Sum 41,http://musicdata.baidu.com/data2/lrc/1505985/1505985.lrc,6
6,《Seventh Heaven》,S.M.Entertainment,2009-03-04,动漫,影视节目,君が光に変えて行く,Kalafina,http://musicdata.baidu.com/data2/lrc/1491028/1491028.lrc,6
6,《Seventh Heaven》,S.M.Entertainment,2009-03-04,动漫,影视节目,Sprinter,Kalafina,http://musicdata.baidu.com/data2/lrc/1490962/1490962.lrc,6
6,《healing rain》,S.M.Entertainment,2009-03-04,动漫,影视节目,healing rain,Michael W. Smith,http://musicdata.baidu.com/data2/lrc/65035861/65035861.lrc,6
6,《Lacrimosa》,S.M.Entertainment,2009-03-04,动漫,影视节目,Gloria,Kalafina,http://musicdata.baidu.com/data2/lrc/20722880/20722880.lrc,6
6,《After Eden》,ソニーミュージック,2011-09-21,动漫,影视节目,snow falling,Kalafina,http://musicdata.baidu.com/data2/lrc/64987290/64987290.lrc,6
7,《Greatest Hits》,环球唱片,2010-03-04,动漫,影视节目,Bailamos,Enrique Iglesias,http://musicdata.baidu.com/data2/lrc/1420241/1420241.lrc,7
7,《Princess Disneymania》,环球唱片,2009-12-09,动漫,影视节目,Once Upon A Dream,Emily Osment,http://musicdata.baidu.com/data2/lrc/1374790/1374790.lrc,7
7,《Hope》,环球唱片,2008-04-29,动漫,影视节目,Don'T Fall Asleep (Horror Pt. 2),Swallow The Sun,http://musicdata.baidu.com/data2/lrc/1374790/1374790.lrc,7
7,《Everytime We Touch》,环球唱片,2009-02-27,动漫,影视节目,Another You,Cascada,http://musicdata.baidu.com/data2/lrc/1332712/1332712.lrc,7
7,《Enrique》,环球唱片,1999-11-23,动漫,影视节目,Bailamos,Enrique Iglesias,http://musicdata.baidu.com/data2/lrc/13916528/13916528.lrc,7
7,《Western Sous La Neige》,环球唱片,2004-03-15,动漫,影视节目,Anorak,Dionysos,http://musicdata.baidu.com/data2/lrc/13916528/13916528.lrc,7
7,《Whatever The Weather》,环球唱片,2009-02-28,动漫,影视节目,Anorak,Dionysos,http://musicdata.baidu.com/data2/lrc/13916528/13916528.lrc,7
7,《Whatever The Weather (Concert Acoustique)》,环球唱片,2009-02-28,动漫,影视节目,Anorak,Dionysos,http://musicdata.baidu.com/data2/lrc/13916528/13916528.lrc,7
7,《Greatest Hits》,RCA,2011-11-18,动漫,影视节目,Flying Without Wings,Westlife,http://musicdata.baidu.com/data2/lrc/13982202/13982202.lrc,7
7,《Unbreakable:The Greatest Hits》,SONY MUSIC,2007-09-17,动漫,影视节目,Flying Without Wings,Westlife,http://musicdata.baidu.com/data2/lrc/10381402/10381402.lrc,7
7,《The Definitive Vince Guaraldi》,环球唱片,2009-10-12,动漫,影视节目,Thanksgiving Theme,Vince Guaraldi Trio,http://musicdata.baidu.com/data2/lrc/20dba48ebb241772cd3f76179306ffb5/260735310/260735310.lrc,7
7,《Life With You》,环球唱片,2013-08-21,动漫,影视节目,There'S A Touch,The Proclaimers,http://musicdata.baidu.com/data2/lrc/20dba48ebb241772cd3f76179306ffb5/260735310/260735310.lrc,7
7,《Alvin & The Chipmunks /  Ost》,环球唱片,2008-04-29,动漫,影视节目,Coast 2 Coast,Alvin and The Chipmunks,http://musicdata.baidu.com/data2/lrc/12622528/12622528.lrc,7
7,《Alvin & The Chipmunks /  Ost》,环球唱片,2008-04-29,动漫,影视节目,The Chipmunk Song (Christmas Don'T Be Late),Alvin and The Chipmunks,http://musicdata.baidu.com/data2/lrc/12622521/12622521.lrc,7
7,《Alvin & The Chipmunks /  Ost》,环球唱片,2008-04-29,动漫,影视节目,Bad Day,Alvin and The Chipmunks,http://musicdata.baidu.com/data2/lrc/12622520/12622520.lrc,7
7,《The Chipmunk Song (Christmas Don'T Be Late)》,环球唱片,2007-12-03,动漫,影视节目,The Chipmunk Song (Christmas Don'T Be Late),Alvin and The Chipmunks,http://musicdata.baidu.com/data2/lrc/12622308/12622308.lrc,7
7,《At The Close Of A Century》,环球唱片,2000-03-13,动漫,影视节目,Ngiculela-Es Una Historia-I Am Singing,Stevie Wonder,http://musicdata.baidu.com/data2/lrc/70417866/70417866.lrc,7
7,《Che.R.Ry》,SMR,2007-03-07,动漫,影视节目,Che.R.Ry,Yui,http://musicdata.baidu.com/data2/lrc/1010105/1010105.lrc,7
7,《爱的代价》,滚石唱片,1992-12-31,动漫,影视节目,我的朋友,张艾嘉,http://musicdata.baidu.com/data2/lrc/12480455/12480455.lrc,7
7,《重逢黄大城民歌精选辑》,滚石唱片,1998-09-07,动漫,影视节目,六月新娘,黄大城,http://musicdata.baidu.com/data2/lrc/114798411/114798411.lrc,7
8,《truth》,Sony Music Records,2006-12-06,动漫,影视节目,ENDLESS STORY,伊藤由奈,http://musicdata.baidu.com/data2/lrc/65016811/65016811.lrc,8
8,《Red Moon》,S.M.Entertainment,2010-03-17,动漫,影视节目,I Have A Dream,Kalafina,http://musicdata.baidu.com/data2/lrc/1681120/1681120.lrc,8
8,《少女S》,EPIC,2009-06-17,动漫,影视节目,少女S,SCANDAL,http://musicdata.baidu.com/data2/lrc/1491399/1491399.lrc,8
8,《FLOW ANIME BEST》,SONY MUSIC,2011-04-13,动漫,影视节目,Re:member,FLOW,http://musicdata.baidu.com/data2/lrc/64983457/64983457.lrc,8
8,《我终于失去了你》,滚石唱片,1989-06-04,动漫,影视节目,我的眼中只有你,赵传,http://musicdata.baidu.com/data2/lrc/14900941/14900941.lrc,8
8,《A Complete ~All Singles~》,滚石唱片,2008-09-10,动漫,影视节目,Dearest,滨崎步,http://musicdata.baidu.com/data2/lrc/12463964/12463964.lrc,8
8,《Rpg》,英皇唱片,1999-03-01,动漫,影视节目,Departures,叶佩雯,http://musicdata.baidu.com/data2/lrc/12451428/12451428.lrc,8
8,《谜》,环球唱片,2006-10-06,动漫,影视节目,威尼斯迷路,许慧欣,http://musicdata.baidu.com/data2/lrc/13905974/13905974.lrc,8
8,《空色デイズ》,环球唱片,2007-06-27,动漫,影视节目,空色デイズ,中川翔子,http://musicdata.baidu.com/data2/lrc/1310463/1310463.lrc,8
8,《STAR》,SMAR,2010-10-27,动漫,影视节目,流れ星,中岛美嘉,http://musicdata.baidu.com/data2/lrc/65020587/65020587.lrc,8
8,《新年好》,天中文化,2005-12-10,动漫,影视节目,最想念的季节,张含韵,http://musicdata.baidu.com/data2/lrc/23152731/23152731.lrc,8
8,《Lost Dogs》,SONY MUSIC,2003-03-25,动漫,影视节目,In The Moonlight,Pearl Jam,http://musicdata.baidu.com/data2/lrc/12604192/12604192.lrc,8
8,《每隔2秒》,英皇唱片,1995-04-12,动漫,影视节目,再见了,赵学而,http://musicdata.baidu.com/data2/lrc/64998487/64998487.lrc,8
8,《舞法无天》,福茂唱片,1997-03-19,动漫,影视节目,豆豆龙,范晓萱,http://musicdata.baidu.com/data2/lrc/3e63bca4bff4220a40e9dc319e2c3190/257172366/257172366.lrc,8
8,《Last Of The Runaways》,环球唱片,1995-01-12,动漫,影视节目,Innocent Days,Giant,http://musicdata.baidu.com/data2/lrc/3e63bca4bff4220a40e9dc319e2c3190/257172366/257172366.lrc,8
8,《Port Of Miami》,环球唱片,2006-08-11,动漫,影视节目,Blow,Rick Ross,http://musicdata.baidu.com/data2/lrc/12475343/12475343.lrc,8
8,《Trans》,环球唱片,1993-03-01,动漫,影视节目,Hold On To Your Love,NEIL YOUNG,http://musicdata.baidu.com/data2/lrc/12475343/12475343.lrc,8
8,《20世纪中华歌坛名人百集珍藏版》,环球唱片,1999-04-01,动漫,影视节目,思念,毛阿敏,http://musicdata.baidu.com/data2/lrc/13758924/13758924.lrc,8
8,《Delta》,SONY MUSIC,2007-12-03,动漫,影视节目,In This Life,Delta Goodrem,http://musicdata.baidu.com/data2/lrc/1360526/1360526.lrc,8
8,《国际漫游》,滚石唱片,2005-09-01,动漫,影视节目,前奏曲,李欣芸,http://musicdata.baidu.com/data2/lrc/118298381/118298381.lrc,8
9,《感觉不到你》,滚石唱片,1999-12-02,动漫,影视节目,海,羽泉,http://musicdata.baidu.com/data2/lrc/1248518/1248518.lrc,9
9,《流金十载全记录》,滚石唱片,2000-07-01,动漫,影视节目,追梦人,高胜美,http://musicdata.baidu.com/data2/lrc/5f9c9c73af6598ced52edf6a3461f0d1/268322437/268322437.lrc,9
9,《中国儿歌曲库 Vol. 14：童歌经典》,颂今音乐,2015-09-23,动漫,影视节目,小机灵之歌,小蓓蕾组合,http://musicdata.baidu.com/data2/lrc/0a19c2d14cd977824f3fd97ae0e9ce2a/265853667/265853667.lrc,9
9,《一千零一夜》,环球唱片,1990-06-01,动漫,影视节目,静夜,李克勤,http://musicdata.baidu.com/data2/lrc/242027/242027.lrc,9
9,《与世隔绝》,力行网际,1998-03-01,动漫,影视节目,君（演奏曲）,王祖贤,http://musicdata.baidu.com/data2/lrc/242027/242027.lrc,9
9,《Printemps》,滚石唱片,1998-04-01,动漫,影视节目,真相,张国荣,http://musicdata.baidu.com/data2/lrc/14973014/14973014.lrc,9
9,《Orion》,SONY MUSIC,2008-11-12,动漫,影视节目,Orion,中岛美嘉,http://musicdata.baidu.com/data2/lrc/20657307/20657307.lrc,9
9,《Speak》,环球唱片,2008-04-09,动漫,影视节目,Magnet,Lindsay Lohan,http://musicdata.baidu.com/data2/lrc/5deb92d8cbcbabd799d9c08e82314af7/541952967/541952967.lrc,9
9,《Dear Agony》,环球唱片,2009-01-29,动漫,影视节目,What Lies Beneath,Breaking Benjamin,http://musicdata.baidu.com/data2/lrc/608327/608327.lrc,9
9,《天地男儿》,滚石唱片,1999-12-17,动漫,影视节目,明天,张智霖,http://musicdata.baidu.com/data2/lrc/455881/455881.lrc,9
9,《一千零一夜》,环球唱片,1990-06-01,动漫,影视节目,雷雨,李克勤,http://musicdata.baidu.com/data2/lrc/254092/254092.lrc,9
9,《夏日之神话》,环球唱片,1988-07-01,动漫,影视节目,宣战,李克勤,http://musicdata.baidu.com/data2/lrc/248944/248944.lrc,9
9,《雪域光芒.Live.In.Tibet》,力行网际,1998-10-01,动漫,影视节目,Introduction,齐秦,http://musicdata.baidu.com/data2/lrc/65687528/65687528.lrc,9
9,《青春无敌》,天中文化,2007-02-05,动漫,影视节目,哎呀呀,张含韵,http://musicdata.baidu.com/data2/lrc/4a29b00a0783dd15842be557ce1d6d44/257173714/257173714.lrc,9
9,《I Am Me》,环球唱片,2014-01-07,动漫,影视节目,Boyfriend,Ashlee Simpson,http://musicdata.baidu.com/data2/lrc/1242403/1242403.lrc,9
9,《More Songs From Pooh Corner》,SONY MUSIC,2006-05-08,动漫,影视节目,Your Heart Will Lead You Home,Kenny Loggins,http://musicdata.baidu.com/data2/lrc/9096998/9096998.lrc,9
9,《向前冲》,滚石唱片,1998-10-09,动漫,影视节目,黑色星期天,徐怀钰,http://musicdata.baidu.com/data2/lrc/23156139/23156139.lrc,9
9,《truth》,Sony Music Records,2006-12-06,动漫,影视节目,Truth,伊藤由奈,http://musicdata.baidu.com/data2/lrc/521bc030d30b47916827d8b19608ae7f/551648671/551648671.lrc,9
9,《Dirty》,环球唱片,2013-08-20,动漫,影视节目,Shoot,Sonic Youth,http://musicdata.baidu.com/data2/lrc/12545068/12545068.lrc,9
9,《编号89757》,海蝶音乐,2005-04-01,动漫,影视节目,一千年以前,林俊杰,http://musicdata.baidu.com/data2/lrc/251696992/251696992.lrc,9
10,《我的》,太合麦田,2007-11-02,动漫,影视节目,Happy Hour,李宇春,http://musicdata.baidu.com/data2/lrc/14919908/14919908.lrc,10
10,《零零七》,环球唱片,2009-05-27,动漫,影视节目,爱的歌,潘玮柏,http://musicdata.baidu.com/data2/lrc/1614893/1614893.lrc,10
10,《身体会唱歌》,SONY MUSIC,2002-08-12,动漫,影视节目,想象十个你,吴建豪,http://musicdata.baidu.com/data2/lrc/330c3400f86c63e245092dca42eb75f7/551086036/551086036.lrc,10
10,《Bob Dylan》,SONY MUSIC,2008-12-31,动漫,影视节目,All Along The Watchtower,Bob Dylan,http://musicdata.baidu.com/data2/lrc/8971598/8971598.lrc,10
10,《The Boy Who Knew Too Much》,环球唱片,2009-09-11,动漫,影视节目,Stuck In The Middle,MIKA,http://musicdata.baidu.com/data2/lrc/64548379/64548379.lrc,10
10,《Mika - Live At Itunes Festival London》,环球唱片,2008-05-14,动漫,影视节目,Stuck In The Middle,Mika,http://musicdata.baidu.com/data2/lrc/8113453/8113453.lrc,10
10,《The Essential Bob Dylan》,SONY MUSIC,2011-07-11,动漫,影视节目,All Along The Watchtower,Bob Dylan,http://musicdata.baidu.com/data2/lrc/7696304/7696304.lrc,10
10,《The Best Of The Original Mono Recordings》,SONY MUSIC,2010-10-18,动漫,影视节目,All Along The Watchtower,Bob Dylan,http://musicdata.baidu.com/data2/lrc/7583794/7583794.lrc,10
10,《Best》,SONY MUSIC,2005-12-07,动漫,影视节目,Glamorous Sky,中岛美嘉,http://musicdata.baidu.com/data2/lrc/692405/692405.lrc,10
10,《Best》,SONY MUSIC,2005-12-07,动漫,影视节目,Find The Way,中岛美嘉,http://musicdata.baidu.com/data2/lrc/20657361/20657361.lrc,10
10,《Love Collection ~Mint~》,SONY MUSIC,2013-09-04,动漫,影视节目,If,西野加奈,http://musicdata.baidu.com/data2/lrc/20656726/20656726.lrc,10
10,《The Best Of Aqua Timez》,SONY MUSIC,2009-10-14,动漫,影视节目,Velonica,Aqua Timez,http://musicdata.baidu.com/data2/lrc/581615/581615.lrc,10
10,《The Best Of Aqua Timez》,SONY MUSIC,2009-10-14,动漫,影视节目,千の夜をこえて,Aqua Timez,http://musicdata.baidu.com/data2/lrc/64925268/64925268.lrc,10
10,《westview》,SONY MUSIC,2011-02-02,动漫,影视节目,Sunshine,Monkey Majik,http://musicdata.baidu.com/data2/lrc/241211820/241211820.lrc,10
10,《Dig Out Your Soul》,SONY MUSIC,2008-10-06,动漫,影视节目,Falling Down,Oasis,http://musicdata.baidu.com/data2/lrc/14902155/14902155.lrc,10
10,《Utada Hikaru SINGLE COLLECTION VOL.2》,EMI,2010-11-24,动漫,影视节目,Beautiful World,宇多田光,http://musicdata.baidu.com/data2/lrc/9095321/9095321.lrc,10
10,《Range》,EMI,2010-11-24,动漫,影视节目,花,Orange Range,http://musicdata.baidu.com/data2/lrc/25233380/25233380.lrc,10
10,《Answer》,EMI,2007-08-01,动漫,影视节目,Answer,FLOW,http://musicdata.baidu.com/data2/lrc/2250471/2250471.lrc,10
10,《Mtv Unplugged》,SONY MUSIC,1995-05-04,动漫,影视节目,All Along The Watchtower,Bob Dylan,http://musicdata.baidu.com/data2/lrc/1652557/1652557.lrc,10
10,《The Best Of Bob Dylan》,SONY MUSIC,1997-06-10,动漫,影视节目,All Along The Watchtower,Bob Dylan,http://musicdata.baidu.com/data2/lrc/1593777/1593777.lrc,10
11,《All The Singles》,Sony Music,2010-07-14,动漫,影视节目,花,Orange Range,http://musicdata.baidu.com/data2/lrc/65018769/65018769.lrc,11
11,《orbital period》,Toys Factory,2007-12-19,动漫,影视节目,カルマ,BUMP OF CHICKEN,http://musicdata.baidu.com/data2/lrc/68976766/68976766.lrc,11
11,《風をあつめて》,Epic,2006-12-06,动漫,影视节目,千の夜をこえて,Aqua Timez,http://musicdata.baidu.com/data2/lrc/14486382/14486382.lrc,11
11,《Me!Me!Me!》,Epic,2009-04-08,动漫,影视节目,Closer (Royal Ver.),井上ジョー,http://musicdata.baidu.com/data2/lrc/88718035/88718035.lrc,11
11,《Life In Cartoon Motion》,环球唱片,2014-04-10,动漫,影视节目,Stuck In The Middle,MIKA,http://musicdata.baidu.com/data2/lrc/1193796/1193796.lrc,11
11,《A Complete ~All Singles~》,环球唱片,2008-09-10,动漫,影视节目,Whatever,滨崎步,http://musicdata.baidu.com/data2/lrc/12463550/12463550.lrc,11
11,《To Find Love》,英皇唱片,2005-07-08,动漫,影视节目,Da Da Da,梁洛施,http://musicdata.baidu.com/data2/lrc/64927704/64927704.lrc,11
11,《我很张含韵》,天中文化,2005-07-20,动漫,影视节目,青蛙公主,张含韵,http://musicdata.baidu.com/data2/lrc/14972938/14972938.lrc,11
11,《浓情音乐盒》,环球唱片,2009-07-14,动漫,影视节目,插曲,纯音乐,http://musicdata.baidu.com/data2/lrc/246979749/246979749.lrc,11
11,《Another Night》,索尼音乐,1990-01-01,动漫,影视节目,another night,Real McCoy,http://musicdata.baidu.com/data2/lrc/33998194/33998194.txt,11
11,《灵灵》,海蝶音乐,2007-11-29,动漫,影视节目,雏菊,胡灵,http://musicdata.baidu.com/data2/lrc/306066/306066.lrc,11
11,《寻找美惠》,海蝶音乐,2006-07-13,动漫,影视节目,仲夏夜之梦,关智斌,http://musicdata.baidu.com/data2/lrc/12478021/12478021.lrc,11
11,《Singing In The Twins Wonderland》,英皇唱片,2003-07-23,动漫,影视节目,London Bridge Is Falling Down,Twins,http://musicdata.baidu.com/data2/lrc/2870c30d096eb9723a6279dc791e4b62/268425148/268425148.lrc,11
11,《小乔流水》,英皇唱片,2006-07-31,动漫,影视节目,月亮河,乔维怡,http://musicdata.baidu.com/data2/lrc/970821/970821.lrc,11
11,《Red Shoes...Evolution》,SONY MUSIC,2001-08-07,动漫,影视节目,进化 Evolution,黎明,http://musicdata.baidu.com/data2/lrc/941933/941933.lrc,11
11,《Christmas In My Heart》,环球唱片,2008-04-29,动漫,影视节目,Be Thankful,Sarah Connor,http://musicdata.baidu.com/data2/lrc/924604/924604.lrc,11
11,《Binaural》,SONY MUSIC,2013-08-19,动漫,影视节目,Rival,Pearl Jam,http://musicdata.baidu.com/data2/lrc/924604/924604.lrc,11
11,《Details》,环球唱片,2002-07-08,动漫,影视节目,Must Be Dreaming,Frou Frou,http://musicdata.baidu.com/data2/lrc/8190691/8190691.lrc,11
11,《The Book Flower》,环球唱片,2008-05-13,动漫,影视节目,Sweet Blossom,Emilie Simon,http://musicdata.baidu.com/data2/lrc/8073068/8073068.lrc,11
11,《VIVA》,英皇唱片,2000-11-01,动漫,影视节目,不需要安慰,谢霆锋,http://musicdata.baidu.com/data2/lrc/804129/804129.lrc,11
12,《Myself》,英皇唱片,2001-06-01,动漫,影视节目,永远失去,郑伊健,http://musicdata.baidu.com/data2/lrc/766346/766346.lrc,12
12,《Live A L'Olympia》,环球唱片,2008-04-21,动漫,影视节目,Sweet Blossom,Emilie Simon,http://musicdata.baidu.com/data2/lrc/7696969/7696969.lrc,12
12,《VéGéTal》,环球唱片,2010-03-03,动漫,影视节目,Sweet Blossom,Emilie Simon,http://musicdata.baidu.com/data2/lrc/7696653/7696653.lrc,12
12,《Come Clean》,环球唱片,2002-12-09,动漫,影视节目,Blurry,Puddle Of Mudd,http://musicdata.baidu.com/data2/lrc/335979/335979.lrc,12
12,《珍重无印良品再见演唱会LIVE全纪录》,滚石唱片,2000-06-30,动漫,影视节目,有你在身旁,无印良品,http://musicdata.baidu.com/data2/lrc/297825/297825.lrc,12
12,《断了线》,SONY MUSIC,1996-07-02,动漫,影视节目,河流,柯以敏,http://musicdata.baidu.com/data2/lrc/13909822/13909822.lrc,12
12,《没你不行》,滚石唱片,2003-06-20,动漫,影视节目,因为爱,羽泉,http://musicdata.baidu.com/data2/lrc/268157/268157.lrc,12
12,《J Is For Jackson 5》,环球唱片,2010-03-30,动漫,影视节目,Zip A Dee Doo Dah,Jackson 5,http://musicdata.baidu.com/data2/lrc/2191139/2191139.lrc,12
12,《香港迪士尼乐园之奇妙音乐旅程》,SONY MUSIC,2005-08-29,动漫,影视节目,When You Wish Upon A Star,莫文蔚,http://musicdata.baidu.com/data2/lrc/2096077/2096077.lrc,12
12,《香港迪士尼乐园之奇妙音乐旅程》,SONY MUSIC,2005-08-29,动漫,影视节目,风之彩,李玟,http://musicdata.baidu.com/data2/lrc/2096074/2096074.lrc,12
12,《糖果商店》,北京京文唱片传播有限公司,2004-05-01,动漫,影视节目,颂歌,李骏驹,http://musicdata.baidu.com/data2/lrc/2096074/2096074.lrc,12
12,《陈洁仪的异想世界》,海蝶音乐,2002-09-24,动漫,影视节目,Echoes,陈洁仪,http://musicdata.baidu.com/data2/lrc/2045270/2045270.lrc,12
12,《天亮说晚安》,环球唱片,2009-07-14,动漫,影视节目,天亮说晚安,陈晓东,http://musicdata.baidu.com/data2/lrc/2044732/2044732.lrc,12
12,《泥娃娃》,环球唱片,2000-08-01,动漫,影视节目,泥娃娃,巴奈,http://musicdata.baidu.com/data2/lrc/2042505/2042505.lrc,12
12,《Details》,环球唱片,2002-07-08,动漫,影视节目,Let Go,Frou Frou,http://musicdata.baidu.com/data2/lrc/2042505/2042505.lrc,12
12,《Believe》,环球唱片,1999-04-28,动漫,影视节目,小强,谢霆锋,http://musicdata.baidu.com/data2/lrc/1500220/1500220.lrc,12
12,《寻找美惠》,环球唱片,2006-07-13,动漫,影视节目,光与影,关智斌,http://musicdata.baidu.com/data2/lrc/92326f1c303d819fa383bb4b1328d8b7/546617632/546617632.lrc,12
12,《Believe》,环球唱片,1999-04-28,动漫,影视节目,I Believe,谢霆锋,http://musicdata.baidu.com/data2/lrc/1298167/1298167.lrc,12
12,《Believe》,环球唱片,1999-04-28,动漫,影视节目,400 Gig,谢霆锋,http://musicdata.baidu.com/data2/lrc/1072750/1072750.lrc,12
12,《男孩女孩》,太合麦田,2004-12-24,动漫,影视节目,小镇姑娘,唐红,http://musicdata.baidu.com/data2/lrc/12461146/12461146.lrc,12
13,《How To Save A Life》,SONY MUSIC,2005-09-13,动漫,影视节目,She Is,The Fray,http://musicdata.baidu.com/data2/lrc/997149/997149.lrc,13
13,《初恋》,Pony Canyon,2010-03-17,动漫,影视节目,ガーネット,奥华子,http://musicdata.baidu.com/data2/lrc/68754741/68754741.lrc,13
13,《A Present For Everyone》,环球唱片,2013-08-19,动漫,影视节目,Crashed The Wedding,Busted,http://musicdata.baidu.com/data2/lrc/2148093/2148093.lrc,13
13,《我不是F4》,SONY MUSIC,2007-10-24,动漫,影视节目,马赛克,周渝民,http://musicdata.baidu.com/data2/lrc/229637/229637.lrc,13
13,《思君集》,环球唱片,2004-05-01,动漫,影视节目,Smoke Gets In Your Eyes,邓丽君,http://musicdata.baidu.com/data2/lrc/1077367/1077367.lrc,13
13,《The Moment》,SONY MUSIC,1996-10-01,动漫,影视节目,Always,Kenny G,http://musicdata.baidu.com/data2/lrc/12597387/12597387.lrc,13
13,《Coming Home》,环球唱片,2013-08-26,动漫,影视节目,Hold My Hand,New Found Glory,http://musicdata.baidu.com/data2/lrc/1596415/1596415.lrc,13
13,《Step By Step》,SONY MUSIC,1993-06-07,动漫,影视节目,happy birthday,New Kids On The Block,http://musicdata.baidu.com/data2/lrc/34068459/34068459.txt,13
13,《All For You》,滚石唱片,1994-03-16,动漫,影视节目,Always,杜德伟,http://musicdata.baidu.com/data2/lrc/12642693/12642693.lrc,13
13,《044、儿歌曲库-幼儿唱游歌曲》,颂今音乐,2013-03-22,动漫,影视节目,粉刷匠,小蓓蕾组合,http://musicdata.baidu.com/data2/lrc/fe59ed0e61c20722b09f729cb78dc9ba/265570478/265570478.lrc,13
13,《Turnaround》,BMG,2003-11-24,动漫,影视节目,Heal,Westlife,http://musicdata.baidu.com/data2/lrc/969744/969744.lrc,13
13,《我很张含韵》,天中文化,2005-07-20,动漫,影视节目,梦游记,张含韵,http://musicdata.baidu.com/data2/lrc/886652/886652.lrc,13
13,《Have A Nice Day》,环球唱片,2005-09-19,动漫,影视节目,Who Says You Can'T Go Home,Bon Jovi,http://musicdata.baidu.com/data2/lrc/12547793/12547793.lrc,13
13,《Birds Of Pray》,环球唱片,2003-05-19,动漫,影视节目,Heaven,Live,http://musicdata.baidu.com/data2/lrc/441577/441577.lrc,13
13,《Year Of The Spider》,环球唱片,2003-05-19,动漫,影视节目,Black Sunday,Cold,http://musicdata.baidu.com/data2/lrc/12471311/12471311.lrc,13
13,《Bebe Le Strange》,SONY MUSIC,1997-08-12,动漫,影视节目,Sweet Darlin,Heart,http://musicdata.baidu.com/data2/lrc/12609157/12609157.lrc,13
13,《路遥》,SONY MUSIC,2010-06-07,动漫,影视节目,Super Lover,陆瑶,http://musicdata.baidu.com/data2/lrc/7583072/7583072.lrc,13
13,《铁了心》,滚石唱片,2000-03-01,动漫,影视节目,坏,尹子维,http://musicdata.baidu.com/data2/lrc/14956141/14956141.lrc,13
13,《808》,环球唱片,2011-01-14,动漫,影视节目,最终,潘玮柏,http://musicdata.baidu.com/data2/lrc/5441697/5441697.lrc,13
13,《忘情森巴舞》,环球唱片,1991-05-01,动漫,影视节目,Lonely,草蜢,http://musicdata.baidu.com/data2/lrc/376431/376431.lrc,13
14,《爱情爆语》,百慕文化,2008-01-09,动漫,影视节目,结尾曲,阿爆,http://musicdata.baidu.com/data2/lrc/312407/312407.lrc,14
14,《香港迪士尼乐园之奇妙音乐旅程》,SONY MUSIC,2005-08-29,动漫,影视节目,海洋之心,蔡依林,http://musicdata.baidu.com/data2/lrc/2096080/2096080.lrc,14
14,《忘不了你》,SONY MUSIC,2007-09-01,动漫,影视节目,忘不了你,孙楠,http://musicdata.baidu.com/data2/lrc/14973034/14973034.lrc,14
14,内地,SONY MUSIC,2007-09-01,动漫,影视节目,梨花满天开,周艳泓,http://musicdata.baidu.com/data2/lrc/1686690/1686690.lrc,14
14,《Yes》,SONY MUSIC,2007-03-14,动漫,影视节目,素直なまま,中岛美嘉,http://musicdata.baidu.com/data2/lrc/69445282/69445282.lrc,14
14,《Element Eighty》,环球唱片,2003-11-03,动漫,影视节目,Bloodshot,element eighty,http://musicdata.baidu.com/data2/lrc/12621912/12621912.lrc,14
14,《hold me thrill me kiss me》,环球唱片,1994-10-18,动漫,影视节目,everlasting love,Gloria Estefan,http://musicdata.baidu.com/data2/lrc/541536/541536.lrc,14
14,《First Story-For Life Music Entertainment》,环球唱片,2010-01-27,动漫,影视节目,君がいるから,菅原纱由理,http://musicdata.baidu.com/data2/lrc/20674719/20674719.lrc,14
14,《女爵》,亚神音乐,2006-12-01,动漫,影视节目,分开,杨乃文,http://musicdata.baidu.com/data2/lrc/263943/263943.lrc,14
14,《废五金》,SONY MUSIC,1998-04-27,动漫,影视节目,Daybreak,废五金,http://musicdata.baidu.com/data2/lrc/1666468/1666468.lrc,14
14,《The Eminem Show》,SONY MUSIC,2002-05-27,动漫,影视节目,Superman,Eminem,http://musicdata.baidu.com/data2/lrc/1492282/1492282.lrc,14
14,《破晓时分》,环球唱片,1991-01-01,动漫,影视节目,闪电传真机,李克勤,http://musicdata.baidu.com/data2/lrc/812569/812569.lrc,14
14,《O3》,SONY MUSIC,1993-07-16,动漫,影视节目,Portal,sunscreem,http://musicdata.baidu.com/data2/lrc/12609271/12609271.lrc,14
14,《The Essential Ozzy Osbourne》,SONY MUSIC,2003-04-09,动漫,影视节目,Time After Time,Ozzy Osbourne,http://musicdata.baidu.com/data2/lrc/12604268/12604268.lrc,14
14,《あの‥こんなんできましたケド。》,SONY MUSIC,2009-12-16,动漫,影视节目,ひまわり,游助,http://musicdata.baidu.com/data2/lrc/20675851/20675851.lrc,14
14,《Deep In The Music》,英皇唱片,2004-03-01,动漫,影视节目,棋王,吴浩康,http://musicdata.baidu.com/data2/lrc/602803/602803.lrc,14
14,《千嬅盛放》,英皇唱片,2009-12-04,动漫,影视节目,我的生存之道,杨千嬅,http://musicdata.baidu.com/data2/lrc/12444951/12444951.lrc,14
14,《第一滴泪》,环球唱片,2009-07-14,动漫,影视节目,的士司机,谭咏麟,http://musicdata.baidu.com/data2/lrc/c3dd7dc41cc6a57d5221c15897182abd/257166661/257166661.lrc,14
14,《永远》,滚石唱片,2001-11-16,动漫,影视节目,Reason,辛晓琪,http://musicdata.baidu.com/data2/lrc/12642083/12642083.lrc,14
14,《Karla Bonoff》,SONY MUSIC,1993-07-23,动漫,影视节目,Falling Star,Karla Bonoff,http://musicdata.baidu.com/data2/lrc/12643780/12643780.lrc,14
15,《星猫和小伙伴们的冒险》,摩登天空,2008-03-24,动漫,影视节目,快乐星猫,群星,http://musicdata.baidu.com/data2/lrc/31522489/31522489.lrc,15
15,《皇家音乐盒》,英皇唱片,2004-09-11,动漫,影视节目,眼红馆,皇家音乐盒,http://musicdata.baidu.com/data2/lrc/31522489/31522489.lrc,15
15,《皇家音乐盒》,英皇唱片,2004-09-11,动漫,影视节目,死性不改,皇家音乐盒,http://musicdata.baidu.com/data2/lrc/31522489/31522489.lrc,15
15,《Christina Milian》,环球唱片,2002-01-21,动漫,影视节目,Until I Get Over You,Christina Milian,http://musicdata.baidu.com/data2/lrc/1364660/1364660.lrc,15
15,《Neway Music Live X 泳儿音乐会》,英皇唱片,2012-01-17,动漫,影视节目,花无雪,泳儿,http://musicdata.baidu.com/data2/lrc/13665864/13665864.lrc,15
15,《中国儿歌曲库 Vol. 14：童歌经典》,颂今音乐,2015-09-23,动漫,影视节目,可爱的蓝精灵,小蓓蕾组合,http://musicdata.baidu.com/data2/lrc/246917797/246917797.lrc,15
15,《美丽新世界》,圣安大唐,2002-10-01,动漫,影视节目,永不说再见,高枫,http://musicdata.baidu.com/data2/lrc/2057609/2057609.lrc,15
15,《风云2》,圣安大唐,2005-04-01,动漫,影视节目,飞翔,屠洪刚,http://musicdata.baidu.com/data2/lrc/13806535/13806535.lrc,15
15,《welcome home》,Reunion,2006-05-02,动漫,影视节目,wish,Brian Littrell,http://musicdata.baidu.com/data2/lrc/1503539/1503539.lrc,15
15,《「アイシテル」》,SONY MUSIC,2008-06-04,动漫,影视节目,「アイシテル」,清水翔太,http://musicdata.baidu.com/data2/lrc/826558/826558.lrc,15
15,"《The Eps Collection, Volumes 1&2》",SONY MUSIC,1997-11-10,动漫,影视节目,Jewel,Cranes,http://musicdata.baidu.com/data2/lrc/8300268/8300268.lrc,15
15,《Forever》,SONY MUSIC,1994-11-11,动漫,影视节目,Jewel,Cranes,http://musicdata.baidu.com/data2/lrc/8113870/8113870.lrc,15
15,《卡通王国》,环球唱片,2010-09-22,动漫,影视节目,现代足球小将,李克勤,http://musicdata.baidu.com/data2/lrc/7363843/7363843.lrc,15
15,《天演论》,SONY MUSIC,2005-07-04,动漫,影视节目,天外飞仙,卢巧音,http://musicdata.baidu.com/data2/lrc/9673345/9673345.lrc,15
15,《算你狠》,SONY MUSIC,2005-07-04,动漫,影视节目,爆发,陈小春,http://musicdata.baidu.com/data2/lrc/7588975/7588975.lrc,15
15,《Ed Is On》,英皇唱片,2001-10-01,动漫,影视节目,超速游戏,陈冠希,http://musicdata.baidu.com/data2/lrc/240811108/240811108.lrc,15
15,《稻草人》,英皇唱片,1999-09-13,动漫,影视节目,2个人,林志颖,http://musicdata.baidu.com/data2/lrc/14931335/14931335.lrc,15
15,《Eyes Open》,环球唱片,2008-05-13,动漫,影视节目,Open Your Eyes,Snow Patrol,http://musicdata.baidu.com/data2/lrc/2212421/2212421.lrc,15
15,《Touch Of Love》,英皇唱片,2003-04-29,动漫,影视节目,女朋友,Twins,http://musicdata.baidu.com/data2/lrc/14930742/14930742.lrc,15
15,《想念你的歌》,SONY MUSIC,2005-12-09,动漫,影视节目,粉红豹,张惠春,http://musicdata.baidu.com/data2/lrc/208812/208812.lrc,15
16,国语,SONY MUSIC,2005-12-09,动漫,影视节目,小浪漫,罗海琼,http://musicdata.baidu.com/data2/lrc/1663666/1663666.lrc,16
16,《小猪头皮的游乐场》,滚石唱片,1998-11-10,动漫,影视节目,小猪头皮的一天,猪头皮,http://musicdata.baidu.com/data2/lrc/115154342/115154342.lrc,16
16,《我可以》,英皇唱片,2012-02-29,动漫,影视节目,特种部队,钟舒漫,http://musicdata.baidu.com/data2/lrc/13985129/13985129.lrc,16
16,《Home》,英皇唱片,艾回,动漫,影视节目,Home,木山裕策,http://musicdata.baidu.com/data2/lrc/13774426/13774426.lrc,16
16,《上海娃娃》,英皇唱片,2007-03-01,动漫,影视节目,当玫瑰遇上真爱,郑希怡,http://musicdata.baidu.com/data2/lrc/6170620/6170620.lrc,16
16,《中国儿歌曲库 Vol. 14：童歌经典》,颂今音乐,2015-09-23,动漫,影视节目,真善美的小世界,小蓓蕾组合,http://musicdata.baidu.com/data2/lrc/9d812935453ad2588c888fcfed20ddc9/265853676/265853676.lrc,16
16,《033、儿歌曲库-台湾童歌金曲》,颂今音乐,2013-03-22,动漫,影视节目,我的朋友在哪里,小蓓蕾组合,http://musicdata.baidu.com/data2/lrc/cea409bf002d385e3aa40eb58b265aee/266022658/266022658.lrc,16
16,《033、儿歌曲库-台湾童歌金曲》,颂今音乐,2013-03-22,动漫,影视节目,走在乡间的小路上,卓依婷,http://musicdata.baidu.com/data2/lrc/13887804/13887804.lrc,16
16,《Shrek》,环球唱片,2001-05-14,动漫,影视节目,Hallelujah,Rufus Wainwright,http://musicdata.baidu.com/data2/lrc/8560441/8560441.lrc,16
16,《At Last》,SONY MUSIC,2005-01-06,动漫,影视节目,La Vie En Rose,Cyndi Lauper,http://musicdata.baidu.com/data2/lrc/12578819/12578819.lrc,16
16,《Hallelujah》,环球唱片,2009-02-02,动漫,影视节目,Hallelujah,Rufus Wainwright,http://musicdata.baidu.com/data2/lrc/246654817/246654817.lrc,16
16,《Smash Mouth》,环球唱片,2001-11-26,动漫,影视节目,I'M A Believer,Smash Mouth,http://musicdata.baidu.com/data2/lrc/12543343/12543343.lrc,16
16,《童年的歌谣 CD1》,亚神音乐,2011-05-10,动漫,影视节目,花仙子之歌,少儿歌曲,http://musicdata.baidu.com/data2/lrc/1510602/1510602.lrc,16
16,《Sweet Dreams》,MCI,2012-05-07,动漫,影视节目,sweet dreams,la bouche,http://musicdata.baidu.com/data2/lrc/65029535/65029535.lrc,16
16,《Sweet Dreams》,MCI,2012-05-07,动漫,影视节目,sweet dreams,la bouche,http://musicdata.baidu.com/data2/lrc/34063651/34063651.txt,16
16,《B2K》,SONY MUSIC,2002-04-08,动漫,影视节目,Baby Girl,B2K,http://musicdata.baidu.com/data2/lrc/1168957/1168957.lrc,16
16,《冷酷到底》,滚石唱片,2000-09-01,动漫,影视节目,风声边界,羽泉,http://musicdata.baidu.com/data2/lrc/239877540/239877540.lrc,16
16,《没你不行》,滚石唱片,2003-06-20,动漫,影视节目,火柴,羽泉,http://musicdata.baidu.com/data2/lrc/15027408/15027408.lrc,16
16,《一周年》,环球唱片,2002-02-08,动漫,影视节目,超速龙球,方力申,http://musicdata.baidu.com/data2/lrc/929893/929893.lrc,16
16,《Greatest Hits: My Prerogative》,Jive,2004-11-01,动漫,影视节目,Outrageous,Britney Spears,http://musicdata.baidu.com/data2/lrc/12608224/12608224.lrc,16
17,《超级金曲精选》,SONY MUSIC,2011-08-05,动漫,影视节目,女朋友的男朋友,莫文蔚,http://musicdata.baidu.com/data2/lrc/9139421/9139421.lrc,17
17,《After The Rain》,环球唱片,2009-07-14,动漫,影视节目,有梦好甜蜜,李彩桦,http://musicdata.baidu.com/data2/lrc/8592994/8592994.lrc,17
17,《Even In The Quietest Moments》,环球唱片,2003-04-07,动漫,影视节目,Lover Boy,Supertramp,http://musicdata.baidu.com/data2/lrc/12581577/12581577.lrc,17
17,《Become You》,SONY MUSIC,2002-03-12,动漫,影视节目,Yield,Indigo Girls,http://musicdata.baidu.com/data2/lrc/12578375/12578375.lrc,17
17,《新城容我信爱一唱倾情音乐会》,英皇唱片,2005-06-21,动漫,影视节目,到处留情,张信哲,http://musicdata.baidu.com/data2/lrc/ac0a114110674d9c18742a5ed2ce4d67/257170182/257170182.lrc,17
17,《Another Earthquake!》,SONY MUSIC,2002-08-19,动漫,影视节目,My First Ride,Aaron Carter,http://musicdata.baidu.com/data2/lrc/8559600/8559600.lrc,17
17,《一比一》,福茂唱片,2005-06-01,动漫,影视节目,Cold,范玮琪,http://musicdata.baidu.com/data2/lrc/6170360/6170360.lrc,17
17,《Rooney》,环球唱片,2003-06-02,动漫,影视节目,Sorry Sorry,Rooney,http://musicdata.baidu.com/data2/lrc/246654766/246654766.lrc,17
17,《Director》,环球唱片,2006-02-02,动漫,影视节目,4 Minutes,Avant,http://musicdata.baidu.com/data2/lrc/7987911/7987911.lrc,17
17,《你最牛》,滚石唱片,2008-06-05,动漫,影视节目,你最牛,阿牛,http://musicdata.baidu.com/data2/lrc/13855109/13855109.lrc,17
17,《On Earth As It Is In Heaven》,环球唱片,2010-01-13,动漫,影视节目,Can You Feel It,Angel,http://musicdata.baidu.com/data2/lrc/246653431/246653431.lrc,17
17,《相识在童年30首选》,环球唱片,2009-07-14,动漫,影视节目,少年梦,区瑞强,http://musicdata.baidu.com/data2/lrc/12730203/12730203.lrc,17
17,《Back For You》,环球唱片,2009-12-28,动漫,影视节目,岁月的童话,周慧敏,http://musicdata.baidu.com/data2/lrc/7336607/7336607.lrc,17
17,《闭上眼睛/瞳をとじて [Maxi]》,环球唱片,2004-04-28,动漫,影视节目,闭上眼睛,平井坚,http://musicdata.baidu.com/data2/lrc/726768/726768.lrc,17
17,《天天说爱我》,福茂唱片,2001-12-01,动漫,影视节目,暗恋,川岛茉树代,http://musicdata.baidu.com/data2/lrc/240806158/240806158.lrc,17
17,《直觉》,潮水音乐,1997-12-16,动漫,影视节目,雨后,张信哲,http://musicdata.baidu.com/data2/lrc/13829334/13829334.lrc,17
17,《你快不快乐》,天中文化,2000-08-01,动漫,影视节目,你快不快乐,苏有朋,http://musicdata.baidu.com/data2/lrc/20675780/20675780.lrc,17
17,《In Your Own Time》,环球唱片,2003-11-10,动漫,影视节目,Head In The Clouds,Mark Owen,http://musicdata.baidu.com/data2/lrc/114803090/114803090.lrc,17
17,《The Gift Of Game》,SONY MUSIC,2001-02-14,动漫,影视节目,Butterfly,Crazy Town,http://musicdata.baidu.com/data2/lrc/551685/551685.lrc,17
17,《黑暗的英雄》,北京源丰泰坤投资咨询有限公司,1996-07-01,动漫,影视节目,内山姑娘要出嫁,赵传,http://musicdata.baidu.com/data2/lrc/241277523/241277523.lrc,17
18,《双飞》,北京源丰泰坤投资咨询有限公司,1994-11-14,动漫,影视节目,银河,吴奇隆,http://musicdata.baidu.com/data2/lrc/64923725/64923725.lrc,18
18,《爱情诺曼底》,滚石唱片,2003-03-01,动漫,影视节目,小气鬼,黄征,http://musicdata.baidu.com/data2/lrc/329961/329961.lrc,18
18,《Lifehouse》,环球唱片,2008-04-18,动漫,影视节目,All In All,LifeHouse,http://musicdata.baidu.com/data2/lrc/131704645/131704645.lrc,18
18,《Desperate》,EMI,2009-07-14,动漫,影视节目,Only Lonely,Divinyls,http://musicdata.baidu.com/data2/lrc/12705228/12705228.lrc,18
18,《越长大越孤单》,摩登天空,2008-03-18,动漫,影视节目,快乐星猫,牛奶咖啡,http://musicdata.baidu.com/data2/lrc/14887333/14887333.lrc,18
18,《说真的》,BMG,2000-10-12,动漫,影视节目,棋逢对手,彭佳慧,http://musicdata.baidu.com/data2/lrc/288977/288977.lrc,18
18,《五月天十万青年站出来LIVE巡回演唱会全纪录》,滚石唱片,2000-12-21,动漫,影视节目,反而,五月天,http://musicdata.baidu.com/data2/lrc/287244/287244.lrc,18
18,《人生曲》,EMI,1997-07-01,动漫,影视节目,静静地,李龙基,http://musicdata.baidu.com/data2/lrc/287244/287244.lrc,18
18,《换换爱》,海蝶音乐,2007-08-14,动漫,影视节目,welcome to my heart,王传一,http://musicdata.baidu.com/data2/lrc/261678/261678.lrc,18
18,《南拳妈妈的夏天》,阿尔发,2004-05-11,动漫,影视节目,哈里路亚,南拳妈妈,http://musicdata.baidu.com/data2/lrc/256336/256336.lrc,18
18,《永远的未央歌 杨耀东 季节雨》,滚石唱片,2006-03-07,动漫,影视节目,工作,杨耀东,http://musicdata.baidu.com/data2/lrc/107307484/107307484.lrc,18
18,《让爱情优先》,北京京文唱片传播有限公司,2004-07-01,动漫,影视节目,降落,陈明,http://musicdata.baidu.com/data2/lrc/253375/253375.lrc,18
18,《年华》,滚石唱片,2001-01-09,动漫,影视节目,傍晚,刘若英,http://musicdata.baidu.com/data2/lrc/14992795/14992795.lrc,18
18,《谜》,环球唱片,2006-10-06,动漫,影视节目,转圈圈,许慧欣,http://musicdata.baidu.com/data2/lrc/224667/224667.lrc,18
18,《YUSEE!》,Emperor Entertainment,2002-11-01,动漫,影视节目,大孩子,赵颂茹,http://musicdata.baidu.com/data2/lrc/2125146/2125146.lrc,18
18,《再见李香兰》,福茂唱片,1994-06-15,动漫,影视节目,再见李香兰,张中立,http://musicdata.baidu.com/data2/lrc/2125146/2125146.lrc,18
18,《神雕侠侣电视主题曲原声大戏》,福茂唱片,2006-05-13,动漫,影视节目,浮云,小虫,http://musicdata.baidu.com/data2/lrc/dcf298f613f7bdec596c5152a7824851/2083485/2083485.lrc,18
18,《再生》,福茂唱片,2000-10-01,动漫,影视节目,再生,莫文蔚,http://musicdata.baidu.com/data2/lrc/b101f914d1248dd07e007676a644a8cf/257164104/257164104.lrc,18
18,《粉红高压电》,福茂唱片,2006-12-15,动漫,影视节目,我要爱的好,黑涩会美眉,http://musicdata.baidu.com/data2/lrc/12645829/12645829.lrc,18
18,《寻找美惠》,福茂唱片,2006-07-13,动漫,影视节目,东京特急,关智斌,http://musicdata.baidu.com/data2/lrc/12478019/12478019.lrc,18
19,《失物招领Lost &Found之张中立》,福茂唱片,2004-11-26,动漫,影视节目,再见李香兰,张中立,http://musicdata.baidu.com/data2/lrc/12478019/12478019.lrc,19
19,《龙的传人》,滚石唱片,2006-08-02,动漫,影视节目,感恩,李建复,http://musicdata.baidu.com/data2/lrc/1670368/1670368.lrc,19
19,《Circus》,Jive,2008-11-28,动漫,影视节目,Mmm Papi,Britney Spears,http://musicdata.baidu.com/data2/lrc/1514944/1514944.lrc,19
19,《二见中情(排笛演奏曲)》,Jive,福茂唱片,动漫,影视节目,再见李香兰,张中立,http://musicdata.baidu.com/data2/lrc/20dba48ebb241772cd3f76179306ffb5/1510719/1510719.lrc,19
19,《Loose》,环球唱片,2007-03-05,动漫,影视节目,Wait For You,Nelly Furtado,http://musicdata.baidu.com/data2/lrc/1501583/1501583.lrc,19
19,《喜欢祖儿4》,环球唱片,2008-01-25,动漫,影视节目,最后的茱丽叶,容祖儿,http://musicdata.baidu.com/data2/lrc/65021884/65021884.lrc,19
19,《追月 chasing the moon》,SONY MUSIC,1996-01-01,动漫,影视节目,月,艾敬,http://musicdata.baidu.com/data2/lrc/64993731/64993731.lrc,19
19,《雪·再见 音乐电影大碟》,英皇唱片,2006-08-15,动漫,影视节目,恋上你的BLOG,梁洛施,http://musicdata.baidu.com/data2/lrc/e63c6ca2ad85c22f092aae5b3b2c6da9/268380446/268380446.lrc,19
19,《好歌茹芸》,环球唱片,2011-05-13,动漫,影视节目,金丝雀,许茹芸,http://musicdata.baidu.com/data2/lrc/64983799/64983799.lrc,19
19,《舞懈可击》,环球唱片,2008-09-05,动漫,影视节目,飙起来,罗百吉,http://musicdata.baidu.com/data2/lrc/20660336/20660336.lrc,19
19,《梦幻古堡》,环球唱片,1993-01-01,动漫,影视节目,心爱,黎明,http://musicdata.baidu.com/data2/lrc/1371118/1371118.lrc,19
19,《为爱存在》,爱当斯文化,1999-09-01,动漫,影视节目,完美世界,罗中旭,http://musicdata.baidu.com/data2/lrc/13694659/13694659.lrc,19
19,《Under My Skin》,SONY MUSIC,2004-05-25,动漫,影视节目,Fall To Pieces,Avril Lavigne,http://musicdata.baidu.com/data2/lrc/1350887/1350887.lrc,19
19,《Victory Songs》,环球唱片,2008-04-29,动漫,影视节目,Wanderer,Ensiferum,http://musicdata.baidu.com/data2/lrc/12777291/12777291.lrc,19
19,《Girl Power》,英皇唱片,2004-06-01,动漫,影视节目,爱全能,Twins,http://musicdata.baidu.com/data2/lrc/12643053/12643053.lrc,19
19,摇滚,英皇唱片,2004-06-01,动漫,影视节目,宠儿,王啸坤,http://musicdata.baidu.com/data2/lrc/54bebc9abca2dfcd0164bb009ce6835f/263046214/263046214.lrc,19
19,《贩卖温柔》,环球唱片,2009-01-26,动漫,影视节目,不是一个人,卓义峰,http://musicdata.baidu.com/data2/lrc/1188968/1188968.lrc,19
19,《到处留情》,潮水音乐,1998-07-21,动漫,影视节目,下雪边界 (国),张信哲,http://musicdata.baidu.com/data2/lrc/1156931/1156931.lrc,19
19,《Goodbye Comic Boyz》,SONY MUSIC,2011-09-19,动漫,影视节目,爱情不用翻译,可米小子,http://musicdata.baidu.com/data2/lrc/11282800/11282800.lrc,19
19,《007、儿歌曲库-童歌经典》,颂今音乐,2013-03-22,动漫,影视节目,小邋遢,小蓓蕾组合,http://musicdata.baidu.com/data2/lrc/246917792/246917792.lrc,19
20,《001、儿歌曲库-童歌经典》,颂今音乐,2013-03-22,动漫,影视节目,我是一条小青龙,小蓓蕾组合,http://musicdata.baidu.com/data2/lrc/cff015cd89162243b9d22df3792c8aeb/265850070/265850070.lrc,20
20,《Ashanti》,环球唱片,2013-09-05,动漫,影视节目,Call,Ashanti,http://musicdata.baidu.com/data2/lrc/1049083/1049083.lrc,20
20,《Get Rich Or Die Tryin'- The Original Motion Picture Soundtrack》,环球唱片,2005-11-07,动漫,影视节目,Window Shopper,50 Cent,http://musicdata.baidu.com/data2/lrc/10275530/10275530.lrc,20
20,《花无雪》,英皇唱片,2007-02-06,动漫,影视节目,踩钢线,泳儿,http://musicdata.baidu.com/data2/lrc/1006930/1006930.lrc,20
20,《Greatest Hits》,环球唱片,1992-09-28,动漫,影视节目,Message In A Bottle,The Police,http://musicdata.baidu.com/data2/lrc/8560710/8560710.lrc,20
20,《Every Breath You Take : The Classics》,环球唱片,1996-10-14,动漫,影视节目,Message In A Bottle,The Police,http://musicdata.baidu.com/data2/lrc/7585305/7585305.lrc,20
20,《张信哲Jeff情歌精选》,未知,2005-06-10,动漫,影视节目,多心 (粤),张信哲,http://musicdata.baidu.com/data2/lrc/fc431afa3b5b943f4bffe56c8451bf91/257170528/257170528.lrc,20
20,《黄金甲》,杰威尔JVR音乐有限公司,2006-12-11,动漫,影视节目,菊花台(钢琴演奏版),周杰伦,http://musicdata.baidu.com/data2/lrc/6f0c71f4eb174c5dbcfcdb6c6e031843/274020642/274020642.lrc,20
20,《雪花抄》,环球唱片,2009-12-23,动漫,影视节目,雪花抄,张敬轩,http://musicdata.baidu.com/data2/lrc/10364753/10364753.lrc,20
20,《蒙娜丽莎的眼泪》,SONY MUSIC,1998-03-02,动漫,影视节目,蜘蛛,林志炫,http://musicdata.baidu.com/data2/lrc/240696775/240696775.lrc,20
20,《Dear》,SMA,2011-04-24,动漫,影视节目,Dear,中岛美嘉,http://musicdata.baidu.com/data2/lrc/23365087/23365087.lrc,20
20,《From Russia With Love - Soundtrack》,EMI,2009-03-24,动漫,影视节目,007,John Barry,http://musicdata.baidu.com/data2/lrc/20dba48ebb241772cd3f76179306ffb5/259302012/259302012.lrc,20
20,《她说 概念自选辑》,海蝶音乐,2010-12-08,动漫,影视节目,真材实料的我,林俊杰,http://musicdata.baidu.com/data2/lrc/13862815/13862815.lrc,20
20,《玉蝴蝶》,英皇唱片,2001-05-22,动漫,影视节目,金刚,谢霆锋,http://musicdata.baidu.com/data2/lrc/2116198/2116198.lrc,20
20,《玉蝴蝶》,英皇唱片,2001-05-22,动漫,影视节目,猴哥,张伟进,http://musicdata.baidu.com/data2/lrc/23078076/23078076.lrc,20
20,《换换爱》,海蝶音乐,2007-08-14,动漫,影视节目,换换爱,王传一,http://musicdata.baidu.com/data2/lrc/1278789/1278789.lrc,20
20,《风云2》,海蝶音乐,2005-04-01,动漫,影视节目,江山无限,屠洪刚,http://musicdata.baidu.com/data2/lrc/23470776/23470776.lrc,20
20,《030、儿歌曲库-英语、粤语对着唱》,颂今音乐,2013-03-22,动漫,影视节目,Happy Birthday,小蓓蕾组合,http://musicdata.baidu.com/data2/lrc/130084197/130084197.lrc,20
